universityNotebook,documentNumber,name,surname,birthdate,gender,city
1,40413568,Brent,Windas,8/19/2023,M,Necochea
2,37070322,Ranique,Guwer,12/3/2022,F,Pinamar
3,43909564,Tiffani,Askam,2/19/2023,F,Ayacucho
4,43567436,Danice,Fallawe,4/12/2023,F,Mar del Plata
5,45757522,Maryjane,Shenley,11/23/2022,F,Tandil
6,32522666,Poul,Lodwig,11/9/2022,M,Ayacucho
7,46626903,Adey,Durtnell,6/10/2023,F,Claromeco
8,43179312,Peggie,Orwin,2/26/2023,F,Juarez
9,38003714,Valaree,Saintpierre,5/23/2023,F,Tandil
10,40382943,Hamil,Barensen,1/15/2023,M,Tandil
11,33875810,Basia,Leadbitter,7/28/2023,F,Claromeco
12,33757887,Felike,Othen,3/9/2023,M,Villa Gesell
13,43837705,Free,Morrowe,4/17/2023,M,Juarez
14,46269221,Grier,Lewsey,11/30/2022,F,Tandil
15,44000954,Eliot,Vassman,4/9/2023,M,Ayacucho
16,40622391,Janka,Holdall,10/29/2022,F,Necochea
17,41107894,Becky,Hopfner,3/11/2023,F,Juarez
18,37281369,Beth,Le Provest,1/19/2023,F,Tandil
19,47286752,Modesty,Mannagh,7/1/2023,F,Juarez
20,37635601,Ali,Leynton,11/27/2022,M,La Plata
21,45734982,Moina,Draycott,5/10/2023,F,Buenos Aires
22,48492923,Fayth,Huws,10/26/2022,F,Claromeco
23,35046806,Willi,Milroy,9/10/2023,F,Mar del Plata
24,38941679,Bobbette,Cud,2/5/2023,F,Rauch
25,33484839,Melinde,Ninnis,12/23/2022,F,Buenos Aires
26,40812494,Parnell,Marton,2/22/2023,M,Claromeco
27,31275738,Raff,Grasha,1/23/2023,M,Villa Gesell
28,46183306,Garnet,Millyard,6/24/2023,F,La Plata
29,41335597,Aveline,Morfell,3/18/2023,F,Tandil
30,47647352,Clyde,Andren,12/24/2022,M,Villa Gesell
31,45160140,Nataniel,Worlidge,8/11/2023,M,La Plata
32,43750035,Geoff,Howlings,7/5/2023,M,Rauch
33,42567213,Laney,Lampard,3/13/2023,M,Ayacucho
34,40801915,Cobb,Stubbins,12/29/2022,M,Ayacucho
35,35981315,Fairfax,Harborow,4/13/2023,M,Claromeco
36,39707805,Sammie,Giacomasso,10/28/2022,M,Claromeco
37,47830196,Boyce,Lornsen,12/3/2022,M,Ayacucho
38,37236039,Shea,Nisen,12/14/2022,M,Vela
39,31933626,Gaylor,Heak,11/3/2022,M,Villa Gesell
40,42069187,Hayden,Sedgwick,9/16/2023,M,Tandil
41,45651376,Fayth,Dampney,3/1/2023,F,La Plata
42,40433719,Liv,Halshaw,3/13/2023,F,Mar del Plata
43,42377977,Davey,Rosel,3/12/2023,M,La Plata
44,45035316,Roland,Fullalove,11/7/2022,M,Villa Gesell
45,37068489,Norris,Addenbrooke,3/5/2023,M,Mar del Plata
46,39984870,Theodosia,Passo,12/26/2022,F,Vela
47,39671122,Sheba,Siseland,7/15/2023,F,Mar del Plata
48,47618047,Marchall,McDiarmid,9/28/2022,M,Villa Gesell
49,36432613,Marie-ann,Whittenbury,2/23/2023,F,Mar del Plata
50,41108848,Abby,Banat,10/16/2022,M,Ayacucho
51,46474629,Garv,Ireland,1/13/2023,M,Buenos Aires
52,49845650,Collette,Gumbley,1/18/2023,F,Necochea
53,37281850,Florentia,Grisewood,4/23/2023,F,Buenos Aires
54,38458300,Aretha,Heintze,1/17/2023,F,Buenos Aires
55,45501473,Lem,Clemot,11/3/2022,M,Necochea
56,47055939,Linoel,Nutley,1/29/2023,M,Villa Gesell
57,44933302,Wiley,Peealess,1/2/2023,M,Juarez
58,43981280,Hillel,Jachtym,6/12/2023,M,Mar del Plata
59,47526139,Griselda,Scone,12/8/2022,F,Pinamar
60,41150162,Marten,Andrzejczak,4/11/2023,M,Rauch
61,36000816,Oswald,Aisbett,3/3/2023,M,Claromeco
62,49807695,Mordecai,Sutherington,7/20/2023,M,Necochea
63,43481567,Jorrie,Blaik,9/17/2023,F,Pinamar
64,46513516,Philipa,Buckbee,7/22/2023,F,Juarez
65,45235982,Chester,Ludman,5/13/2023,M,Ayacucho
66,49187683,Esdras,Bartolijn,5/1/2023,M,Pinamar
67,50843609,Gavin,Oubridge,3/28/2023,M,Villa Gesell
68,36735189,Coral,Beauvais,8/26/2023,F,Vela
69,40039103,Juline,Carney,3/6/2023,F,Pinamar
70,48113659,Hazel,Cornels,2/12/2023,F,Vela
71,42490720,Matias,Euplate,11/25/2022,M,Juarez
72,38998472,Eb,Saturley,9/13/2023,M,Pinamar
73,43727327,Dannie,Buesnel,1/24/2023,F,Villa Gesell
74,36375500,Agata,Daffern,3/24/2023,F,Ayacucho
75,42964877,Netta,Jameson,10/13/2022,F,Mar del Plata
76,35476474,Joanne,Sayes,7/17/2023,F,Claromeco
77,33282121,Chancey,Lohering,6/20/2023,M,Juarez
78,31440823,Melly,Fernao,4/28/2023,F,Mar del Plata
79,43177177,Von,Arnli,3/8/2023,M,Pinamar
80,44822186,Ianthe,Kimm,8/13/2023,F,Juarez
81,42454032,Rosemarie,Petyakov,7/14/2023,F,Ayacucho
82,42575493,Georgie,Mounsie,4/12/2023,F,Buenos Aires
83,36893161,Osbert,Fugere,10/28/2022,M,Mar del Plata
84,36533474,Peg,Rosenwasser,4/11/2023,F,Necochea
85,38871227,Elena,Goford,10/6/2022,F,Pinamar
86,46459770,Ava,Saffen,12/22/2022,F,Vela
87,41401407,Sergent,Ashmole,1/3/2023,M,La Plata
88,37144421,Guntar,Brunnen,5/25/2023,M,Mar del Plata
89,43269307,Parnell,Sappson,10/29/2022,M,Pinamar
90,49003430,Gabrielle,Kneebone,2/16/2023,F,Claromeco
91,40832217,Barnabe,Atwood,12/5/2022,M,Villa Gesell
92,41726369,Gilli,Peto,5/8/2023,F,Necochea
93,44163607,Emmerich,Arnaudi,12/19/2022,M,Rauch
94,44190979,Cherilyn,Barltrop,8/9/2023,F,Mar del Plata
95,49868287,Ambrosio,Thyng,11/17/2022,M,Claromeco
96,32036546,Darren,Scorer,10/12/2022,M,Rauch
97,34886710,Hyacintha,Custard,1/22/2023,F,Villa Gesell
98,47746787,Charin,Grose,2/24/2023,F,Villa Gesell
99,45834822,Tessie,McClancy,11/18/2022,F,Vela
100,32815412,Bunnie,Lune,8/24/2023,F,Tandil
101,39497813,Garrek,Bennington,10/12/2022,M,Necochea
102,49229923,Audre,Halleybone,5/28/2023,F,Claromeco
103,36427581,Mendy,Livens,3/16/2023,M,La Plata
104,33994348,Clare,Arnoldi,12/17/2022,M,Mar del Plata
105,35393949,Ephrem,Childes,10/23/2022,M,Buenos Aires
106,42760617,Issy,Mainstone,7/2/2023,F,Juarez
107,37940230,Thedric,Tilburn,2/25/2023,M,Necochea
108,31471729,Della,Davidi,12/23/2022,F,Tandil
109,36622509,Kipp,Slemming,1/26/2023,F,Tandil
110,47815851,Joannes,Hobson,4/7/2023,F,Pinamar
111,31607858,Karin,Geake,3/4/2023,F,Juarez
112,31695826,Karon,Hotson,5/4/2023,F,Ayacucho
113,49787354,Reuben,Cappleman,5/1/2023,M,Pinamar
114,50429779,Saxe,Kares,2/6/2023,M,Tandil
115,45149041,Saunder,Balaison,10/17/2022,M,Ayacucho
116,35570812,Lyndsie,Ivetts,9/22/2022,F,La Plata
117,31558628,Scotti,Cabrara,9/6/2023,M,Claromeco
118,49698978,Wallace,Crichten,12/9/2022,M,Tandil
119,35914831,Fern,Buffy,3/16/2023,F,Pinamar
120,47222915,Nanni,Marishenko,4/15/2023,F,Pinamar
121,34118113,Chelsie,Dedrick,1/1/2023,F,Mar del Plata
122,50050927,Tiphanie,Gavagan,1/6/2023,F,Vela
123,46429569,Kate,Durn,10/19/2022,F,Villa Gesell
124,34637299,Clary,Allcorn,2/8/2023,F,Rauch
125,48966142,Shaun,Skinner,8/18/2023,F,Mar del Plata
126,31644617,Darla,Cockland,12/14/2022,F,Buenos Aires
127,47075488,Parke,Caller,11/12/2022,M,Pinamar
128,38293462,Anitra,Gazey,11/23/2022,F,Ayacucho
129,39506754,Claudius,Waples,6/13/2023,M,Tandil
130,49558158,Kayley,Bythell,7/9/2023,F,Pinamar
131,31497309,Tiffy,Melmar,12/31/2022,F,Buenos Aires
132,50469478,Olympia,Heinlein,10/28/2022,F,Juarez
133,31527701,Dur,O'Cahsedy,12/30/2022,M,Vela
134,48386848,Darline,Vaillant,1/18/2023,F,Pinamar
135,39132211,Guido,MacLese,12/15/2022,M,La Plata
136,40931291,Datha,Chapelle,10/4/2022,F,Ayacucho
137,45942872,Micheal,Hallock,10/23/2022,M,La Plata
138,43249792,Fawn,Eustes,4/4/2023,F,Mar del Plata
139,46426606,Ricky,Olensby,11/12/2022,M,Mar del Plata
140,45376937,Lowell,Frude,11/21/2022,M,Pinamar
141,33183686,Law,Tolle,6/20/2023,M,Necochea
142,31651014,Bobina,Ventum,11/4/2022,F,Vela
143,43503382,Olin,Rankin,11/2/2022,M,Ayacucho
144,39918428,Ali,Delgaty,1/22/2023,M,Rauch
145,40078332,Hamid,Sawkins,8/10/2023,M,Claromeco
146,40308771,Callean,Giffen,11/9/2022,M,La Plata
147,42340441,Nike,Aleixo,4/27/2023,F,Pinamar
148,46729166,Vachel,Plaskitt,11/20/2022,M,Villa Gesell
149,48785215,Melodee,Jilkes,11/17/2022,F,Mar del Plata
150,43020054,Aurore,Dabbes,6/7/2023,F,La Plata
151,32012016,Sarajane,McKellen,10/30/2022,F,Ayacucho
152,34907957,Gerick,Dumberrill,7/8/2023,M,Pinamar
153,35597184,Sile,Windram,11/10/2022,F,Claromeco
154,47212854,Joe,Mulder,4/27/2023,M,Vela
155,35858773,Valentino,Levane,6/26/2023,M,Tandil
156,44992541,Liv,Michael,2/27/2023,F,La Plata
157,48890786,Shay,Murney,2/13/2023,M,Buenos Aires
158,34774178,Jacquie,Harefoot,4/23/2023,F,Vela
159,31898787,Ynes,Wanden,12/5/2022,F,Claromeco
160,40918630,Etheline,Trenoweth,11/16/2022,F,Vela
161,40026430,Clemmy,Braunds,7/28/2023,F,Juarez
162,39577029,Benton,Coulter,5/12/2023,M,Pinamar
163,44456084,Tommi,Haselup,2/13/2023,F,Claromeco
164,49671041,Carroll,Stoade,9/7/2023,M,Claromeco
165,33842223,Sly,Orbell,4/18/2023,M,Mar del Plata
166,40523283,Huey,Sidey,4/7/2023,M,Tandil
167,42713477,Pammie,Donan,10/30/2022,F,Rauch
168,41091407,Lyndy,Amberg,2/16/2023,F,Ayacucho
169,38554741,Torry,Iddiens,11/17/2022,M,Villa Gesell
170,38298924,Derby,Gorvette,4/30/2023,M,Rauch
171,36053330,Petronilla,Eustes,4/26/2023,F,Necochea
172,37916644,Dot,Alexsandrovich,6/11/2023,F,Mar del Plata
173,40025376,Lilah,Mulhall,1/24/2023,F,Mar del Plata
174,33909112,Fields,Lacotte,10/1/2022,M,Claromeco
175,50146915,Bernette,Giggie,3/13/2023,F,Rauch
176,44785436,Sonny,McIlheran,3/26/2023,M,Rauch
177,33436026,Beale,Chartre,4/21/2023,M,Juarez
178,40379210,Natalya,Keysall,4/2/2023,F,Pinamar
179,47288953,Erena,Mc Cahey,11/19/2022,F,Villa Gesell
180,48933567,Carlin,Le Floch,6/1/2023,F,Vela
181,44353172,Codie,Gymlett,8/3/2023,M,Villa Gesell
182,44386584,Claudetta,Constance,8/4/2023,F,Juarez
183,32681932,Tanner,Werrit,3/31/2023,M,La Plata
184,42406070,Dane,McDonagh,10/6/2022,M,Rauch
185,42581503,Richart,Trickey,3/21/2023,M,Vela
186,40613805,Corie,Whaley,3/5/2023,F,Rauch
187,32955055,Trueman,Collingwood,12/8/2022,M,Rauch
188,33809684,Hailey,Casotti,1/16/2023,M,Juarez
189,40067431,Loralee,Marsters,7/19/2023,F,Buenos Aires
190,48646527,Johan,Nares,10/25/2022,M,Claromeco
191,44634361,Gris,O'Shee,1/10/2023,M,Tandil
192,31671911,Orel,Cope,11/24/2022,F,Tandil
193,43561196,Dalenna,Camplejohn,1/11/2023,F,Vela
194,37784917,Silvia,Nan Carrow,5/25/2023,F,Pinamar
195,46757112,Dore,Hurd,10/30/2022,F,La Plata
196,37155064,Brucie,Bolden,9/4/2023,M,Villa Gesell
197,43679674,Hersch,Kitcatt,8/2/2023,M,Juarez
198,40982419,Beth,Boost,10/23/2022,F,Villa Gesell
199,38364185,Henrieta,Giacoppo,12/6/2022,F,Villa Gesell
200,48115146,Rockie,Izakoff,4/2/2023,M,Juarez
201,48316178,Tatum,Pleager,4/11/2023,F,Pinamar
202,42157974,Gaspar,Frye,4/2/2023,M,Rauch
203,48862099,Candi,Whitecross,12/13/2022,F,Vela
204,37855607,Edgardo,Kelleher,2/13/2023,M,Tandil
205,43668846,Katharina,Rutherforth,1/28/2023,F,Claromeco
206,41232237,Nathanil,Sheward,4/14/2023,M,Vela
207,34281366,Eada,Trippack,12/16/2022,F,Villa Gesell
208,45604908,Madelyn,Bainbrigge,12/22/2022,F,Tandil
209,50041250,Layla,Kennady,6/28/2023,F,Claromeco
210,49554463,Aurilia,Sandon,1/19/2023,F,Buenos Aires
211,33542668,Zelma,Stove,9/23/2022,F,Claromeco
212,36225907,Riki,Kohn,12/30/2022,F,Mar del Plata
213,42990035,Roger,Bodesson,4/18/2023,M,La Plata
214,31152369,Ferdie,Latus,6/9/2023,M,Ayacucho
215,42510039,Cindy,Kleinmann,3/22/2023,F,Claromeco
216,36445289,Danni,Neathway,5/25/2023,F,Vela
217,47215316,Jerald,de la Tremoille,1/8/2023,M,La Plata
218,33450917,Lorine,Perott,7/24/2023,F,Necochea
219,33619375,Alair,Kyngdon,3/2/2023,M,Ayacucho
220,48035562,Hamlin,Hedney,4/3/2023,M,Vela
221,43507863,Chucho,Lawey,1/19/2023,M,Mar del Plata
222,40832094,Winni,Devany,2/18/2023,F,Buenos Aires
223,35734439,Thedrick,Glasby,10/20/2022,M,La Plata
224,41308730,Alisun,Mapples,10/29/2022,F,Tandil
225,47486317,Caresse,Hanfrey,1/18/2023,F,Pinamar
226,46905156,Wilma,Maudett,12/28/2022,F,Claromeco
227,46231919,Filberto,Foxwell,9/25/2022,M,Vela
228,48019592,Fee,Dampney,3/27/2023,M,Villa Gesell
229,35616664,Vanny,Burnham,6/16/2023,F,Mar del Plata
230,47828177,Sibella,Marzele,6/3/2023,F,Claromeco
231,35205291,Nilson,Ritchie,6/1/2023,M,Villa Gesell
232,49578107,Chilton,Karpenko,11/14/2022,M,Buenos Aires
233,40933794,Kevina,Petrowsky,12/17/2022,F,Juarez
234,46867782,Herbie,Grosier,5/23/2023,M,Juarez
235,36787905,Everett,Spanton,7/14/2023,M,Villa Gesell
236,45277638,Melonie,Spark,10/28/2022,F,Tandil
237,34991208,Corrie,Orsman,7/28/2023,F,Mar del Plata
238,39924884,Demetrius,Bulter,12/1/2022,M,La Plata
239,43570444,Claybourne,Brownsworth,10/1/2022,M,Claromeco
240,32613363,Tally,Halstead,12/22/2022,M,Juarez
241,42476178,Cissiee,Havoc,6/22/2023,F,Villa Gesell
242,34939741,Selle,Dinse,11/19/2022,F,Mar del Plata
243,35775133,Sherwood,Poulston,8/9/2023,M,Villa Gesell
244,39051950,Catharina,Schohier,3/19/2023,F,Villa Gesell
245,48088899,Nesta,Cuff,1/14/2023,F,Rauch
246,41938841,Quentin,Wingfield,1/13/2023,F,Pinamar
247,32723108,Ashly,Drinkhill,10/29/2022,F,Rauch
248,33656977,Tildie,Lawford,2/21/2023,F,Vela
249,40980936,Althea,Motion,9/12/2023,F,Claromeco
250,46855430,Isaiah,Scalia,9/20/2023,M,Juarez
